<keymap version="1" name="VSCode copy" parent="VSCode">
  <action id="CloseContent" />
  <action id="GotoImplementation">
    <keyboard-shortcut first-keystroke="ctrl f12" />
    <keyboard-shortcut first-keystroke="ctrl g" second-keystroke="ctrl i" />
  </action>
  <action id="GotoLine" />
  <action id="GotoRow" />
  <action id="Images.Thumbnails.Hide" />
  <action id="QuickJavaDoc">
    <keyboard-shortcut first-keystroke="ctrl w" second-keystroke="ctrl i" />
  </action>
  <action id="UsageFiltering.WriteAccess" />
</keymap>