<keymap version="1" name="VSCode (Migrated)" parent="VSCode">
  <action id="ActivateTerminalToolWindow">
    <keyboard-shortcut first-keystroke="ctrl back_quote" />
    <keyboard-shortcut first-keystroke="shift alt t" />
  </action>
  <action id="CloseContent">
    <keyboard-shortcut first-keystroke="ctrl w" />
    <keyboard-shortcut first-keystroke="ctrl w" second-keystroke="ctrl q" />
  </action>
  <action id="SaveAll">
    <keyboard-shortcut first-keystroke="ctrl k" second-keystroke="s" />
    <keyboard-shortcut first-keystroke="ctrl x" second-keystroke="ctrl s" />
  </action>
</keymap>