<keymap version="1" name="VSCode copy 1" parent="VSCode">
  <action id="ActivateVersionControlToolWindow" />
  <action id="CloseAllEditors">
    <keyboard-shortcut first-keystroke="ctrl k" second-keystroke="ctrl w" />
    <keyboard-shortcut first-keystroke="shift ctrl w" second-keystroke="shift ctrl o" />
    <keyboard-shortcut first-keystroke="shift ctrl k" second-keystroke="shift ctrl o" />
  </action>
  <action id="CloseAllEditorsButActive">
    <keyboard-shortcut first-keystroke="ctrl w" second-keystroke="ctrl o" />
    <keyboard-shortcut first-keystroke="ctrl k" second-keystroke="ctrl o" />
  </action>
  <action id="CloseContent">
    <keyboard-shortcut first-keystroke="ctrl w" second-keystroke="ctrl q" />
    <keyboard-shortcut first-keystroke="ctrl k" second-keystroke="ctrl q" />
  </action>
  <action id="Console.TableResult.DeleteRows" />
  <action id="EditorDeleteLine" />
  <action id="GotoDeclaration">
    <keyboard-shortcut first-keystroke="f12" />
    <mouse-shortcut keystroke="control button1" />
    <keyboard-shortcut first-keystroke="ctrl g" second-keystroke="ctrl d" />
    <keyboard-shortcut first-keystroke="ctrl g" second-keystroke="ctrl r" />
  </action>
  <action id="GotoImplementation">
    <keyboard-shortcut first-keystroke="ctrl f12" />
    <keyboard-shortcut first-keystroke="ctrl g" second-keystroke="ctrl i" />
  </action>
  <action id="GotoLine" />
  <action id="GotoNextError">
    <keyboard-shortcut first-keystroke="f8" />
    <keyboard-shortcut first-keystroke="ctrl g" second-keystroke="ctrl e" />
  </action>
  <action id="GotoPreviousError">
    <keyboard-shortcut first-keystroke="shift f8" />
    <keyboard-shortcut first-keystroke="shift ctrl g" second-keystroke="shift ctrl e" />
  </action>
  <action id="GotoRow" />
  <action id="JumpToLastChange" />
  <action id="NextSplitter">
    <keyboard-shortcut first-keystroke="ctrl k" second-keystroke="ctrl right" />
    <keyboard-shortcut first-keystroke="ctrl k" second-keystroke="ctrl l" />
  </action>
  <action id="PrevSplitter">
    <keyboard-shortcut first-keystroke="ctrl k" second-keystroke="ctrl left" />
    <keyboard-shortcut first-keystroke="ctrl k" second-keystroke="ctrl h" />
  </action>
  <action id="QuickJavaDoc">
    <keyboard-shortcut first-keystroke="ctrl g" second-keystroke="ctrl q" />
    <keyboard-shortcut first-keystroke="ctrl k" second-keystroke="ctrl i" />
  </action>
  <action id="QuickTypeDefinition">
    <keyboard-shortcut first-keystroke="ctrl g" second-keystroke="ctrl y" />
  </action>
  <action id="RiderCoveringTestsPopupCoverAllAction" />
  <action id="RiderOpenSolution" />
  <action id="SplitHorizontally">
    <keyboard-shortcut first-keystroke="ctrl k" second-keystroke="ctrl s" />
  </action>
  <action id="SplitVertically">
    <keyboard-shortcut first-keystroke="ctrl back_slash" />
    <keyboard-shortcut first-keystroke="ctrl k" second-keystroke="ctrl v" />
  </action>
  <action id="UsageFiltering.WriteAccess" />
</keymap>